dataset,feature,mean_abs_shap
chunk_3,技術指標_月K(9),1.50262170311838
chunk_1,技術指標_月RSI(10),0.8184817584297673
chunk_1,技術指標_季K(9),0.6067977817261181
chunk_1,技術指標_週RSI(5),0.602470778644259
chunk_1,上市加權指數前12天成交量,0.5159655434319755
chunk_1,上市加權指數19天乖離率,0.4757523480295947
chunk_1,技術指標_相對強弱比(週),0.383162989458586
chunk_1,上市加權指數前13天成交量,0.3673921771901284
chunk_1,上市加權指數前18天成交量,0.3615169138408101
chunk_1,上市加權指數前2天成交量,0.3607052987244232
chunk_1,上市加權指數10天乖離率,0.349357679688874
chunk_1,上市加權指數前1天成交量,0.3285192626713014
chunk_1,上市加權指數5天乖離率,0.3279714269447665
chunk_2,外資券商_分點出貨比(%),0.3265112857729821
chunk_2,技術指標_季-DI(14),0.3225815145324149
chunk_1,技術指標_W%R(10),0.3100615690452206
chunk_1,技術指標_季RSI(5),0.2971038323501698
chunk_1,技術指標_RSI(5),0.2957122494941744
chunk_1,上市加權指數前17天成交量,0.2868431055332026
chunk_1,技術指標_Alpha(250D),0.2743318658434248
chunk_1,上市加權指數20天波動度,0.2721091785414042
chunk_1,上市加權指數前15天收盤價,0.2630794205999805
chunk_1,上市加權指數前18天收盤價,0.2579792717447045
chunk_2,主力券商_前1天分點出貨比(%),0.2569365800644065
chunk_1,技術指標_季+DI(14),0.2522168986630093
chunk_1,技術指標_月RSI(5),0.249723603222123
chunk_1,上市加權指數20天報酬率,0.2413970067590943
chunk_1,上市加權指數10天波動度,0.2362940462545194
chunk_1,上市加權指數前17天收盤價,0.2242362165785755
chunk_2,技術指標_SAR,0.2237098047719821
chunk_1,個股券商分點籌碼分析_近60日買進分佈係數,0.2210688860439413
chunk_2,季IFRS財報_營業利益佔實收資本比率(%),0.2169893953857768
chunk_1,個股券商分點籌碼分析_分點賣出熱門度(%),0.2098856317435375
chunk_1,技術指標_月D(9),0.2076457110631906
chunk_1,上市加權指數前7天收盤價,0.2063406189789124
chunk_1,技術指標_近三月歷史波動率(%),0.2050085995665069
chunk_1,技術指標_月-DI(14),0.2044438223105899
chunk_1,主力券商_前20天分點吃貨比(%),0.1929770192458479
chunk_1,上市加權指數20天成交量波動度,0.1901318844109911
chunk_1,技術指標_近九月歷史波動率(%),0.1875666816063259
chunk_1,技術指標_週D(9),0.1875180605442837
chunk_1,技術指標_W%R(5),0.1843057341345004
chunk_1,上市加權指數前5天成交量,0.1817049194471819
chunk_3,主力券商_前11天分點吃貨比(%),0.1792507928304736
chunk_1,上市加權指數前19天收盤價,0.1737055772026204
chunk_1,上市加權指數前20天收盤價,0.1694224973330529
chunk_1,主力券商_前14天分點吃貨比(%),0.1688495847198166
chunk_1,賣超第15名分點前5天賣均價,0.1564490382225196
chunk_2,外資券商_前2天分點出貨比(%),0.1563259320684457
chunk_1,上市加權指數前12天收盤價,0.1518124338882991
chunk_1,上市加權指數5天報酬率,0.1508812870802475
chunk_1,上市加權指數前9天成交量,0.1508487819445395
chunk_1,個股券商分點區域分析_近60日成交1公司區域密度,0.1502875119169432
chunk_2,個股主力買賣超統計_近20日主力買賣超(%),0.1487442683649037
chunk_1,外資券商_前9天分點出貨比(%),0.1486672055713705
chunk_1,上市加權指數前4天成交量,0.147216735368917
chunk_1,個股券商分點籌碼分析_賣出分佈係數,0.1463902662212075
chunk_1,外資券商_前1天分點出貨比(%),0.1452714367852847
chunk_1,技術指標_近一月歷史波動率(%),0.1444813222512036
chunk_3,主力券商_前10天分點吃貨比(%),0.1406802379117418
chunk_1,技術指標_週RSI(10),0.1401158509882926
chunk_1,個股券商分點區域分析_近60日成交5公司區域密度,0.1391695018716219
chunk_1,主力券商_前9天分點吃貨比(%),0.1391194814476647
chunk_1,上市加權指數前14天收盤價,0.1389272353830401
chunk_1,主力券商_分點買賣力,0.1359767855641486
chunk_1,個股券商分點籌碼分析_分點買進熱門度(%),0.1341400172139975
chunk_1,技術指標_季ADX(14),0.1326900585785183
chunk_1,上市加權指數前16天成交量,0.132490928539362
chunk_1,上市加權指數前3天收盤價,0.1313625049492143
chunk_1,主力券商_前12天分點出貨比(%),0.1291195552700384
chunk_1,個股券商分點區域分析_近60日成交3公司區域密度,0.1255811293389751
chunk_1,主力券商_前3天分點吃貨比(%),0.1254609216151248
chunk_1,個股5天報酬率,0.1235589690018297
chunk_1,個股券商分點籌碼分析_交易賣出佔有率(%),0.1217694686434979
chunk_1,季IFRS財報_DPZ等級,0.1197401208885367
chunk_1,賣超第15名分點前7天賣均價,0.1187332496179703
chunk_1,技術指標_Beta係數(65D),0.1174625337673999
chunk_1,上市加權指數前8天成交量,0.1170080014073437
chunk_3,賣超第11名分點前1天賣筆數,0.1166672019155055
chunk_1,技術指標_EWMA波動率(%),0.1164702345357531
chunk_1,上市加權指數前4天收盤價,0.1157406674109221
chunk_1,主力券商_分點吃貨比(%),0.1133620186676969
chunk_1,主力券商_前15天分點吃貨比(%),0.1130698247404203
chunk_1,個股主力買賣超統計_近10日主力買賣超(%),0.1123623534878055
chunk_1,個股券商分點籌碼分析_交易買賣佔有率(%),0.1120205561419903
chunk_1,個股券商分點籌碼分析_分點交易熱門度(%),0.1104684834177532
chunk_1,個股券商分點區域分析_近60日成交5與公司接近比例,0.1095372312925257
chunk_2,技術指標_季+DM(14),0.1084348239640319
chunk_1,外資券商_前15天分點出貨比(%),0.1076379415476639
chunk_1,上市加權指數1天報酬率,0.1070763303601822
chunk_1,上市加權指數前6天成交量,0.1068280029413773
chunk_1,個股5天乖離率,0.1063725483389184
chunk_1,賣超第14名分點前9天賣均價,0.105692165148601
chunk_1,主力券商_前16天分點吃貨比(%),0.1050886250316545
chunk_1,日自營_自營商持股成本,0.1029910577978385
chunk_1,個股1天報酬率,0.102629246459589
chunk_3,買超第12名分點前4天買均價,0.1022467057524606
chunk_2,個股券商分點區域分析_近1日買超2分點區域密度,0.0966769832368809
chunk_2,季IFRS財報_現金與流動資產比率(%),0.0962503244975325
chunk_1,技術指標_月+DI(14),0.0954862408461464
chunk_3,個股券商分點區域分析_近20日賣超5分點區域密度,0.0953914634485127
chunk_2,個股券商分點區域分析_近5日賣超3公司區域密度,0.0944177999845064
chunk_1,賣超第10名分點前20天賣均價,0.0941013658290512
chunk_2,個股券商分點籌碼分析_近20日賣出分佈係數,0.0940979163643486
chunk_2,個股券商分點區域分析_近5日成交3分點區域密度,0.0914806001711097
chunk_1,季IFRS財報_稅前純益佔實收資本比率(%),0.0914131767084146
chunk_2,個股券商分點區域分析_近60日買超5分點間接近比例,0.0904825479609022
chunk_2,賣超第11名分點前10天賣均價,0.0895692246115261
chunk_2,賣超第9名分點前4天賣均價,0.0887234648767814
chunk_2,買超第11名分點前16天金額增減(千),0.088316020654621
chunk_1,外資券商_前6天分點吃貨比(%),0.0881133685268849
chunk_2,賣超第15名分點前5天金額增減(千),0.0877859950334566
chunk_1,外資券商_分點買賣力,0.086724589614056
chunk_2,季IFRS財報_營業利益佔實收資本比率累季(%),0.0862490930390937
chunk_1,買超第9名分點前15天券商代號,0.0857382269841693
chunk_1,外資券商_前5天分點吃貨比(%),0.0851793563866582
chunk_1,買超第8名分點前2天買均價,0.0849758651741567
chunk_2,個股主力買賣超統計_近240日主力買賣超(%),0.0847291311343112
chunk_1,主力券商_前17天分點吃貨比(%),0.0842919758583959
chunk_1,個股券商分點區域分析_近20日賣超3公司區域密度,0.0841108794986575
chunk_1,技術指標_+DI(14),0.0837116748259772
chunk_1,個股券商分點區域分析_近60日買超3公司區域密度,0.0835181514274971
chunk_1,技術指標_月ADX(14),0.0817524095735391
chunk_1,主力券商_前1天分點吃貨比(%),0.0811485584666522
chunk_1,買超第8名分點前7天買均價,0.0795346277387124
chunk_1,主力券商_前11天分點出貨比(%),0.0770908422122778
chunk_1,上市加權指數10天成交量波動度,0.0770655206737288
chunk_2,買超第13名分點買均價,0.0767602837097136
chunk_1,主力券商_前18天分點吃貨比(%),0.0765818254728296
chunk_1,主力券商_前5天分點出貨比(%),0.0762916490268049
chunk_1,買超第8名分點前4天買均價,0.0759443121795289
chunk_2,買超第14名分點前16天張增減,0.0757488167670322
chunk_2,技術指標_TR(1),0.0753781573440445
chunk_1,主力券商_前18天分點出貨比(%),0.0752998034776972
chunk_1,技術指標_乖離率(250日),0.0752501158934291
chunk_1,季IFRS財報_總資產週轉率累季(次),0.074941604752113
chunk_3,技術指標_季MACD,0.0742696664683808
chunk_2,賣超第15名分點前13天賣均價,0.0738733976239313
chunk_1,買超第13名分點前11天買筆數,0.0737840136770045
chunk_1,賣超第3名分點前1天券商代號,0.0724592327494673
chunk_3,賣超第13名分點前4天賣均價,0.0724453717560163
chunk_2,買超第15名分點前1天買均價,0.0722654552993273
chunk_1,技術指標_近六月歷史波動率(%),0.0722268382020761
chunk_1,買超第4名分點前20天賣筆數,0.0717736677778569
chunk_1,賣超第4名分點前4天券商代號,0.0716904250778507
chunk_2,賣超第14名分點前10天賣均價,0.0713203350431029
chunk_1,個股券商分點區域分析_近20日賣超5與公司接近比例,0.0710865349563825
chunk_1,賣超第11名分點前13天賣均價,0.0701622736071369
chunk_2,賣超第9名分點前18天賣筆數,0.0701065032891685
chunk_1,技術指標_週ADX(14),0.0700787487276593
chunk_2,個股券商分點區域分析_近1日成交5分點間接近比例,0.070013374258533
chunk_2,賣超第10名分點前3天賣均價,0.0696010529472626
chunk_1,買超第15名分點前4天買金額(千),0.0689818595091779
chunk_3,買超第15名分點前17天買筆數,0.0687812915036603
chunk_1,賣超第10名分點前7天券商代號,0.068738722841618
chunk_1,技術指標_-DM(14),0.0686145589402475
chunk_1,賣超第5名分點前5天券商代號,0.0684906528743582
chunk_1,買超第2名分點前6天買筆數,0.0682699979500475
chunk_1,買超第4名分點前17天券商代號,0.0682007715641031
chunk_2,賣超第6名分點前7天張增減,0.0680719563383915
chunk_1,技術指標_季TR(14),0.0680690207247493
chunk_1,外資券商_分點吃貨比(%),0.0680449609525637
chunk_1,賣超第7名分點前17天賣筆數,0.0677372586121142
chunk_1,賣超第3名分點前15天券商代號,0.0676859322333015
chunk_1,個股券商分點區域分析_近20日賣超5公司區域密度,0.0676556246133592
chunk_1,主力券商_前8天分點吃貨比(%),0.0672316304117655
chunk_2,買超第2名分點前11天賣均價,0.0668891933222626
chunk_2,買超第9名分點前4天買均價,0.0663316428122233
chunk_2,買超第11名分點前4天買均價,0.0662965703580186
chunk_1,上市加權指數10天報酬率,0.0656106862818639
chunk_1,上市加權指數前20天成交量,0.0654367270678265
chunk_1,買超第1名分點前13天買筆數,0.0652718989705164
chunk_1,買超第13名分點前11天賣筆數,0.0645811405142829
chunk_1,賣超第12名分點前10天賣均價,0.0644821425721042
chunk_1,賣超第15名分點前2天賣均價,0.064413312976961
chunk_1,賣超第13名分點前15天券商代號,0.0642892973379524
chunk_2,買超第9名分點前14天張增減,0.0642680772173688
chunk_2,賣超第9名分點前3天張增減,0.0639600046072258
chunk_1,賣超第12名分點前2天賣均價,0.0639396206643833
chunk_1,賣超第8名分點前10天券商代號,0.0639197102086201
chunk_1,賣超第2名分點前7天券商代號,0.0638563014407653
chunk_2,買超第1名分點前1天買筆數,0.0632487465400461
chunk_1,買超第9名分點前9天券商代號,0.0630257746020803
chunk_1,賣超第8名分點前15天賣筆數,0.0626701602513593
chunk_1,買超第7名分點前2天券商代號,0.0626188697773514
chunk_1,買超第6名分點前9天券商代號,0.0625598473441936
chunk_1,季IFRS財報_稅前純益佔實收資本比率累季(%),0.0625223683755451
chunk_1,賣超第9名分點前11天賣均價,0.0624730239612028
chunk_1,賣超第13名分點前17天金額增減(千),0.0624374743095028
chunk_1,賣超第2名分點前18天賣筆數,0.0624325799817872
chunk_1,個股券商分點區域分析_近1日買超5分點間接近比例,0.0624115031277867
chunk_1,官股券商_持股比率(%),0.0623875987030377
chunk_1,外資券商_前20天分點出貨比(%),0.0622962527351132
chunk_1,賣超第6名分點前20天賣筆數,0.0620935095779487
chunk_3,賣超第11名分點前1天買筆數,0.0618983929311499
chunk_1,買超第14名分點前19天賣均價,0.061878328191162
chunk_3,買超第13名分點前8天買均值(千),0.0618745662748359
chunk_2,技術指標_週MACD,0.0615961885043885
chunk_1,上市加權指數前11天成交量,0.0615537665696915
chunk_1,個股券商分點區域分析_近1日賣超3公司區域密度,0.0614887646571427
chunk_3,個股券商分點區域分析_近60日買超2分點區域密度,0.0614564352235947
chunk_2,賣超第13名分點前13天賣均價,0.0614247699365097
chunk_1,買超第2名分點前7天券商代號,0.0609957085097811
chunk_1,上市加權指數前9天收盤價,0.0609896008140477
chunk_2,買超第4名分點前14天金額增減(千),0.0609842884055442
chunk_2,賣超第10名分點前18天金額增減(千),0.0605801323729042
chunk_1,賣超第9名分點前12天賣筆數,0.0605661965534703
chunk_2,賣超第5名分點前17天張增減,0.0604359619976176
chunk_2,買超第7名分點前9天賣均價,0.0603891375189634
chunk_1,賣超第9名分點券商代號,0.0602867509368229
chunk_1,買超第4名分點前12天買筆數,0.0599311458006367
chunk_2,買超第12名分點前20天金額增減(千),0.0598829442026778
chunk_1,買超第6名分點前4天買筆數,0.0595613412248828
chunk_2,賣超第2名分點前12天賣金額(千),0.0594563354797638
chunk_1,買超第4名分點前14天買筆數,0.0592740077727443
chunk_1,賣超第5名分點前14天賣筆數,0.0592548137487793
chunk_2,買超第11名分點前1天賣均價,0.0592292078041091
chunk_1,買超第1名分點前17天買筆數,0.0591093422966042
chunk_3,買超第11名分點前13天買均張,0.0590819257862143
chunk_2,賣超第13名分點前19天賣筆數,0.0589643459974879
chunk_2,買超第9名分點前12天張增減,0.0587962568344609
chunk_1,賣超第3名分點前9天賣筆數,0.0586429685071654
chunk_1,賣超第3名分點前10天券商代號,0.0576869933188617
chunk_1,賣超第7名分點前19天買均價,0.0576325548373754
chunk_3,賣超第14名分點前4天賣均價,0.0574246208054564
chunk_3,賣超第15名分點前3天張增減,0.0572748190136718
chunk_1,技術指標_ADX(14),0.0571792532954272
chunk_1,買超第3名分點前11天買筆數,0.0565922754052374
chunk_2,賣超第2名分點前10天買均張,0.0562862236547736
chunk_3,賣超第12名分點前20天張增減,0.0562757208582926
chunk_2,賣超第11名分點前18天買筆數,0.0561481939589535
chunk_1,買超第2名分點前11天買筆數,0.0560167447747052
chunk_1,買超第1名分點前17天券商代號,0.0559614431933293
chunk_1,賣超第15名分點前19天賣筆數,0.0557144150729794
chunk_3,買超第3名分點前16天買筆數,0.0555600369617672
chunk_1,技術指標_季ADXR(14),0.0553389624225563
chunk_2,買超第1名分點前6天買筆數,0.055333377432344
chunk_1,技術指標_CM-VIX(%),0.0551126074706405
chunk_2,賣超第13名分點前19天買筆數,0.0548798618006506
chunk_1,賣超第11名分點前15天券商代號,0.0548637242669264
chunk_1,賣超第12名分點前9天券商代號,0.0548455009982981
chunk_2,賣超第6名分點前2天金額增減(千),0.0546072261567058
chunk_2,買超第11名分點前19天買筆數,0.0544543675135222
chunk_2,賣超第3名分點前14天賣筆數,0.054411499129779
chunk_1,主力券商_前4天分點吃貨比(%),0.0543697741640834
chunk_1,賣超第7名分點前18天券商代號,0.0543583621019293
chunk_3,賣超第14名分點前3天金額增減(千),0.0541902120053608
chunk_1,技術指標_ADXR(14),0.0539170056623059
chunk_1,賣超第2名分點前18天買筆數,0.0538989041031031
chunk_1,季IFRS財報_原始累計每股營業利益(元),0.0538740316467307
chunk_1,上市加權指數前3天成交量,0.0535453009839443
chunk_2,賣超第1名分點前17天買均價,0.053492498545322
chunk_2,賣超第4名分點前12天賣筆數,0.0533916568942765
chunk_1,買超第4名分點前20天買筆數,0.0533412899076494
chunk_2,買超第6名分點前14天買均價,0.0532259592903066
chunk_1,賣超第13名分點前15天賣均張,0.0531911524943011
chunk_3,賣超第13名分點前20天賣均張,0.0531835514954453
chunk_2,賣超第1名分點前9天賣均價,0.0531548136726993
chunk_1,技術指標_K(9),0.0531495317448285
chunk_1,主力券商_前5天分點吃貨比(%),0.0528796366611077
chunk_1,買超第1名分點前8天買筆數,0.0528213947945643
chunk_2,買超第1名分點前14天買張,0.0527273222178848
chunk_2,賣超第12名分點前12天金額增減(千),0.0526558165342631
chunk_3,買超第10名分點前4天買均價,0.0525898155558083
chunk_2,賣超第6名分點前20天券商代號,0.0525442596027241
chunk_1,賣超第5名分點前9天券商代號,0.052520253304354
chunk_2,買超第11名分點前2天買均價,0.0521479781974615
chunk_3,賣超第1名分點前5天券商代號,0.0520663802233723
chunk_1,個股券商分點區域分析_近1日成交3分點區域密度,0.0520357782140526
chunk_1,買超第1名分點前10天券商代號,0.0518865630940964
chunk_1,上市加權指數前14天成交量,0.0517905377141874
chunk_1,買超第15名分點前7天券商代號,0.0516334391825843
chunk_1,技術指標_週DIF,0.0513991607456965
chunk_2,賣超第2名分點前11天賣筆數,0.0513233025394777
chunk_3,買超第7名分點前17天券商代號,0.051172424352112
chunk_1,買超第1名分點前10天買筆數,0.0511267866906233
chunk_1,買超第6名分點前17天賣均價,0.0511086328336921
chunk_1,賣超第13名分點前20天賣筆數,0.0510394645945311
chunk_1,賣超第2名分點前12天券商代號,0.0509773450155827
chunk_1,賣超第10名分點前20天賣筆數,0.0509445771462212
chunk_2,賣超第4名分點前7天張增減,0.0508918220828454
chunk_1,賣超第3名分點前7天券商代號,0.0508214237186116
chunk_2,賣超第2名分點前7天金額增減(千),0.0508123858541653
chunk_1,買超第2名分點前19天賣筆數,0.050796576730856
chunk_2,買超第13名分點前18天買均價,0.0505481884823031
chunk_1,買超第12名分點前8天券商代號,0.0505416875935943
chunk_1,買超第1名分點前3天券商代號,0.0505122719009288
chunk_1,賣超第2名分點前9天買均價,0.0504846850735888
chunk_1,賣超第2名分點前16天券商代號,0.050294156274792
chunk_1,賣超第2名分點前17天買均價,0.0502385403740023
chunk_1,賣超第7名分點前18天賣均價,0.0501554279199215
chunk_1,賣超第6名分點前2天券商代號,0.0501265927133289
chunk_1,買超第1名分點前11天券商代號,0.050080128011274
chunk_3,賣超第15名分點前1天賣均價,0.0496456881808679
chunk_1,買超第4名分點前5天券商代號,0.0496363857922296
chunk_2,買超第15名分點前5天買均價,0.0495843493716005
chunk_1,個股券商分點區域分析_近60日賣超5分點間接近比例,0.0494953496063588
chunk_1,個股券商分點區域分析_近20日成交5分點區域密度,0.0493863229671937
chunk_3,買超第11名分點前13天買均價,0.0493106291949559
chunk_2,買超第11名分點前15天買筆數,0.0492277171051401
chunk_3,賣超第8名分點前14天賣均張,0.048787837792325
chunk_1,賣超第10名分點前14天買均價,0.0486991499008694
chunk_1,買超第2名分點前16天買筆數,0.0486610621723052
chunk_2,買超第14名分點前2天買均價,0.0484866900831542
chunk_1,個股券商分點區域分析_近5日買超2分點區域密度,0.0483423775066585
chunk_2,賣超第12名分點前11天賣均價,0.0482999133999435
chunk_1,賣超第10名分點前2天買筆數,0.048179945065917
chunk_1,賣超第6名分點前17天買筆數,0.0481688747602901
chunk_1,外資券商_前16天分點出貨比(%),0.0481052064494681
chunk_2,買超第1名分點前9天買均價,0.0480818226135789
chunk_1,買超第12名分點前6天券商代號,0.0480019567584962
chunk_1,主力券商_前10天分點出貨比(%),0.0478771837642934
chunk_2,買超第9名分點前5天買均價,0.0478260284599995
chunk_2,賣超第12名分點賣均價,0.0477896513773281
chunk_1,季IFRS財報_歸屬於母公司–稅後資產報酬率累季(%),0.0474591939778126
chunk_3,個股券商分點區域分析_近5日成交5分點區域密度,0.0473747300869224
chunk_1,買超第6名分點前18天券商代號,0.0472187167065893
chunk_1,賣超第15名分點前12天券商代號,0.0470855599393219
chunk_2,賣超第7名分點前3天賣金額(千),0.0468459796816782
chunk_1,賣超第5名分點前4天券商代號,0.0468250326767062
chunk_1,賣超第10名分點前19天賣均值(千),0.0468024316185963
chunk_1,個股券商分點區域分析_近60日賣超1公司區域密度,0.0466949197214516
chunk_3,技術指標_季DIF-季MACD,0.0464589142022776
chunk_3,買超第7名分點前15天張增減,0.0460647846246234
chunk_2,賣超第7名分點前2天賣均價,0.0458445537579054
chunk_1,賣超第4名分點前7天買均價,0.0457765860530578
chunk_2,賣超第1名分點前3天賣張,0.0457480911745862
chunk_1,賣超第3名分點前13天賣筆數,0.0457323322101701
chunk_1,個股券商分點區域分析_近5日買超3公司區域密度,0.0456687410801327
chunk_1,外資券商_前20天分點吃貨比(%),0.0455989641521869
chunk_3,賣超第14名分點前13天賣均價,0.0455282682816073
chunk_1,買超第4名分點前8天買筆數,0.0453409422114374
chunk_2,買超第3名分點前7天賣均張,0.045291002129057
chunk_1,賣超第14名分點前2天賣均價,0.0451767638167456
chunk_1,技術指標_週K(9),0.0451690117804555
chunk_2,買超第4名分點前20天買均張,0.0451601226149741
chunk_2,買超第3名分點前15天買筆數,0.0450968848550787
chunk_1,買超第8名分點前9天券商代號,0.0450769042936649
chunk_1,買超第13名分點前20天買筆數,0.044767245253065
chunk_3,買超第3名分點前17天券商代號,0.0447532250122198
chunk_3,賣超第1名分點前7天賣張,0.0446879775355285
chunk_1,賣超第8名分點前12天券商代號,0.0446054303765427
chunk_1,技術指標_Beta係數(250D),0.0445601482289662
chunk_2,賣超第4名分點前8天賣筆數,0.044304521657635
chunk_2,賣超第9名分點前18天買筆數,0.0442602261774386
chunk_2,買超第1名分點前4天券商代號,0.0442069775356684
chunk_1,買超第6名分點前13天賣筆數,0.0441804831756091
chunk_2,買超第1名分點買筆數,0.0439730862389955
chunk_1,個股券商分點區域分析_近1日買超3分點區域密度,0.0439711266733842
chunk_1,買超第11名分點前7天買均價,0.0438902665933483
chunk_2,個股券商分點區域分析_近20日成交2分點區域密度,0.0438772319136193
chunk_1,賣超第7名分點前14天券商代號,0.0438519325892148
chunk_2,賣超第15名分點前7天券商代號,0.0438010168875189
chunk_1,買超第6名分點前13天買筆數,0.0437102403724201
chunk_2,買超第11名分點前15天賣均價,0.0436887332066325
chunk_1,賣超第8名分點前16天買均價,0.0436000728384456
chunk_1,買超第11名分點前8天券商代號,0.0433276977497295
chunk_3,賣超第12名分點前13天賣均價,0.0432982202529098
chunk_2,賣超第14名分點前3天券商代號,0.0432474759462398
chunk_1,個股券商分點區域分析_近1日買超3公司區域密度,0.0431361785522215
chunk_1,賣超第9名分點前16天券商代號,0.0431355056712726
chunk_1,買超第15名分點前4天賣筆數,0.0431103425520558
chunk_2,買超第6名分點前12天金額增減(千),0.0430655351879558
chunk_1,賣超第14名分點前12天賣筆數,0.0430573066756944
chunk_2,個股5天成交量波動度,0.0428571622370301
chunk_1,主力券商_前14天分點出貨比(%),0.0426791661284482
chunk_2,賣超第6名分點前10天買均價,0.0425426171657565
chunk_1,賣超第9名分點前12天買筆數,0.0424053599983641
chunk_2,賣超第15名分點前14天金額增減(千),0.0423415640198481
chunk_2,買超第8名分點前12天賣均價,0.042255738003633
chunk_1,日外資_外資尚可投資張數,0.0422534327523968
chunk_2,賣超第1名分點前13天買均價,0.0422016121053094
chunk_3,賣超第1名分點前16天券商代號,0.0421166730483769
chunk_2,買超第9名分點前13天券商代號,0.0419861698408801
chunk_1,買超第4名分點前11天買筆數,0.0419063746637177
chunk_2,買超第15名分點前18天賣均價,0.0418860697442217
chunk_3,買超第4名分點前13天買筆數,0.0416262045644424
chunk_2,個股券商分點區域分析_近20日成交3公司區域密度,0.0415320202587725
chunk_2,季IFRS財報_原始累計每股營業額(元),0.0414417144415402
chunk_1,賣超第5名分點前16天賣筆數,0.0413842910629078
chunk_1,賣超第3名分點前7天賣張,0.0412955627479181
chunk_2,買超第7名分點前10天張增減,0.0412781230795051
chunk_1,賣超第2名分點前15天賣筆數,0.0411108725117948
chunk_2,技術指標_MACD,0.0410086397078764
chunk_2,買超第14名分點前8天買筆數,0.0410012157974224
chunk_2,賣超第1名分點前1天買均價,0.0409764992078464
chunk_3,買超第15名分點金額增減(千),0.0407862217365742
chunk_1,買超第14名分點金額增減(千),0.0407351429135657
chunk_3,賣超第10名分點前1天賣均價,0.0406218818814384
chunk_3,賣超第1名分點前1天券商代號,0.0406041135043909
chunk_2,月營收_背書保證累計餘額(千),0.0405278733310024
chunk_2,外資券商_前16天分點吃貨比(%),0.0404751163407099
chunk_1,主力券商_前2天分點吃貨比(%),0.0404087301293588
chunk_1,買超第2名分點前1天券商代號,0.0403681336790052
chunk_3,買超第1名分點前19天券商代號,0.0402529307443298
chunk_2,賣超第7名分點前5天賣筆數,0.040190779821104
chunk_2,買超第6名分點前18天買筆數,0.0400701138472913
chunk_2,買超第12名分點買均價,0.0399852776082137
chunk_2,賣超第1名分點前14天買筆數,0.0399194519645784
chunk_2,賣超第12名分點前1天買均價,0.0399029884483516
chunk_3,賣超第7名分點前1天賣均價,0.0397299568468331
chunk_1,買超第8名分點前10天買筆數,0.039645963776329
chunk_1,買超第4名分點前10天買均值(千),0.0395227059887341
chunk_3,賣超第9名分點前6天買均價,0.0394937878384027
chunk_1,主力券商_分點成交力(%),0.0394927385929767
chunk_2,賣超第12名分點前4天賣金額(千),0.0391996927303227
chunk_2,買超第14名分點前16天買筆數,0.0391779592363899
chunk_1,賣超第15名分點前9天張增減,0.0391428222834176
chunk_2,賣超第3名分點前10天金額增減(千),0.03910765510797
chunk_1,買超第13名分點前2天券商代號,0.0390717792729294
chunk_1,上市加權指數前7天成交量,0.0390107951263865
chunk_2,買超第4名分點前2天買筆數,0.038799832060333
chunk_2,個股券商分點區域分析_近1日賣超1公司區域密度,0.0387330759971325
chunk_2,買超第6名分點前14天賣筆數,0.038534505539513
chunk_1,賣超第9名分點前8天賣均張,0.0385027420732909
chunk_1,賣超第9名分點前13天賣均價,0.0384010633700817
chunk_2,買超第10名分點前19天賣均價,0.0383212610321247
chunk_2,買超第11名分點買均價,0.0383004298250492
chunk_1,買超第2名分點券商代號,0.0382482278460034
chunk_1,買超第8名分點前2天券商代號,0.0382464500184014
chunk_2,賣超第12名分點前12天買均價,0.0382194561500858
chunk_3,賣超第14名分點前12天賣均張,0.037942308781357
chunk_2,買超第1名分點前8天券商代號,0.0379282413690744
chunk_1,外資券商_前5天分點出貨比(%),0.0379225912457422
chunk_3,買超第12名分點前11天買筆數,0.0378816341914009
chunk_2,買超第6名分點前19天賣筆數,0.0378405738544912
chunk_2,賣超第15名分點前8天張增減,0.0377933005957167
chunk_3,賣超第3名分點前12天賣均張,0.0377876153019508
chunk_2,買超第3名分點前15天券商代號,0.0377132096840571
chunk_3,買超第2名分點前9天買張,0.037558578336194
chunk_1,買超第5名分點前7天券商代號,0.0374489982739761
chunk_2,賣超第5名分點前6天買均價,0.0371947822868624
chunk_2,買超第10名分點買均張,0.0371235214439411
chunk_1,賣超第13名分點前14天賣均張,0.0371180455274901
chunk_2,賣超第2名分點賣筆數,0.0370561732825764
chunk_2,賣超第11名分點前9天賣均張,0.0370423742250026
chunk_2,賣超第11名分點前13天券商代號,0.0370366388329866
chunk_2,買超第2名分點前13天券商代號,0.0370078060279889
chunk_1,買超第13名分點前2天買筆數,0.0369541392224737
chunk_2,賣超第13名分點前3天賣筆數,0.0368798599904875
chunk_1,外資券商_前13天分點出貨比(%),0.0368480336089657
chunk_1,技術指標_年化波動度(21D),0.0368462962733491
chunk_2,賣超第11名分點前2天賣均價,0.0368352305012579
chunk_1,個股主力買賣超統計_近1日主力買賣超(%),0.0367573708025598
chunk_3,買超第1名分點前4天買筆數,0.0367563790859611
chunk_2,買超第10名分點前4天賣均價,0.0367240472046055
chunk_3,買超第3名分點前18天券商代號,0.0366843115081727
chunk_3,賣超第3名分點前18天賣均張,0.0365952577386865
chunk_2,賣超第13名分點前8天券商代號,0.0365546848005673
chunk_2,賣超第8名分點前16天賣均張,0.0365520887075389
chunk_1,買超第14名分點前3天買均張,0.0364783009902284
chunk_1,買超第10名分點前8天買筆數,0.036465541875691
chunk_2,賣超第11名分點前14天買筆數,0.0364031834490613
chunk_1,買超第7名分點前11天賣筆數,0.0363792790948893
chunk_2,賣超第14名分點前9天買筆數,0.0363467627092619
chunk_2,買超第3名分點前8天賣均價,0.0363171627788437
chunk_2,賣超第14名分點前17天買筆數,0.036221568658375
chunk_1,賣超第13名分點前15天賣張,0.0360378424974098
chunk_2,買超第14名分點前12天券商代號,0.0359554972241069
chunk_2,賣超第5名分點前13天券商代號,0.0359204659706659
chunk_2,賣超第4名分點前12天張增減,0.0359128854185436
chunk_2,買超第3名分點前13天券商代號,0.0358298103352787
chunk_1,賣超第8名分點前14天券商代號,0.0358297638121111
chunk_1,賣超第3名分點前1天買均價,0.0358154838655446
chunk_1,賣超第8名分點前20天券商代號,0.0357552296005146
chunk_1,賣超第9名分點前20天券商代號,0.0357070998647684
chunk_2,賣超第3名分點前17天金額增減(千),0.0355674586936447
chunk_2,賣超第3名分點前1天賣金額(千),0.0355372743020336
chunk_2,賣超第5名分點前2天賣均價,0.0353339832334951
chunk_3,買超第2名分點前4天買均價,0.0352761935727953
chunk_3,買超第13名分點前15天金額增減(千),0.0351607677204962
chunk_3,主力券商_前20天分點進出,0.0350757301302018
chunk_2,賣超第12名分點前18天買均價,0.0350669145294867
chunk_1,買超第7名分點前1天券商代號,0.0349550938405462
chunk_3,買超第5名分點前17天金額增減(千),0.0348554677852192
chunk_3,賣超第14名分點前13天賣均值(千),0.0348492377779731
chunk_2,買超第13名分點前8天買均價,0.0348321287887945
chunk_3,買超第12名分點券商代號,0.0348053938823008
chunk_2,買超第5名分點前1天買均價,0.034722572387359
chunk_2,賣超第10名分點前11天賣均價,0.0347120049293561
chunk_2,賣超第10名分點前14天買筆數,0.0345407440716897
chunk_2,買超第11名分點前4天買筆數,0.0345283279197409
chunk_1,賣超第2名分點前2天賣筆數,0.0344994988645253
chunk_2,賣超第3名分點前10天賣均張,0.0344652961876877
chunk_2,賣超第7名分點前6天券商代號,0.0344502851644423
chunk_3,買超第13名分點前16天張增減,0.0344443202710159
chunk_1,買超第5名分點前18天賣均價,0.0344197911890581
chunk_1,賣超第2名分點前4天券商代號,0.0343540975797112
chunk_1,買超第10名分點前7天買筆數,0.0343332645159177
chunk_1,賣超第11名分點前16天張增減,0.0343084470327361
chunk_2,買超第12名分點前9天券商代號,0.0340881845034288
chunk_1,買超第11名分點前13天賣筆數,0.0340725011050937
chunk_2,買超第13名分點前8天買均張,0.0339818235419789
chunk_3,賣超第7名分點前12天買筆數,0.0339500201278143
chunk_1,賣超第2名分點前17天券商代號,0.0339002629955493
chunk_3,買超第9名分點前8天賣筆數,0.0338984465835294
chunk_1,買超第8名分點前7天券商代號,0.0336950294165794
chunk_2,賣超第11名分點前5天金額增減(千),0.0336593963938694
chunk_2,賣超第2名分點前9天買筆數,0.0335900011033441
chunk_1,賣超第7名分點買均價,0.033586669579075
chunk_2,賣超第12名分點前2天券商代號,0.0335558878948452
chunk_2,賣超第1名分點前16天買筆數,0.0335516611642106
chunk_2,買超第8名分點前13天買均張,0.0335093624838757
chunk_1,買超第12名分點前18天買均價,0.0334450551518864
chunk_2,賣超第7名分點前2天賣筆數,0.0334229591856618
chunk_2,買超第9名分點前15天買均張,0.033323083114616
chunk_2,賣超第10名分點前10天賣均張,0.0332742611196095
chunk_2,買超第8名分點前17天買張,0.0332377516112224
chunk_2,買超第8名分點前11天賣均價,0.0332151519468408
chunk_2,買超第13名分點前18天賣筆數,0.0331966582291079
chunk_2,賣超第14名分點前17天張增減,0.0331839027143418
chunk_3,買超第12名分點前3天賣均價,0.0331770971667972
chunk_1,買超第4名分點前17天買金額(千),0.0330906162846269
chunk_3,買超第9名分點前19天買金額(千),0.0330866999241172
chunk_1,買超第7名分點前7天券商代號,0.0330763401149902
chunk_1,賣超第9名分點前17天賣筆數,0.0330607117785894
chunk_3,賣超第9名分點前17天張增減,0.0330549425570805
chunk_1,主力券商_前6天分點吃貨比(%),0.0329286877988567
chunk_1,賣超第11名分點前8天券商代號,0.0328376323632795
chunk_2,賣超第1名分點前15天金額增減(千),0.032703017716373
chunk_1,主力券商_前8天分點出貨比(%),0.0326647001472559
chunk_2,賣超第10名分點前16天賣筆數,0.0326625172755615
chunk_3,賣超第10名分點前1天買均價,0.0326601084480889
chunk_3,買超第4名分點前8天賣均價,0.0325822972838446
chunk_1,買超第5名分點前4天券商代號,0.0325693840421257
chunk_2,賣超第6名分點前2天賣均價,0.0324768698299362
chunk_2,買超第3名分點前4天買筆數,0.0324305465539907
chunk_2,買超第9名分點前7天券商代號,0.0324142106296898
chunk_2,買超第14名分點前20天券商代號,0.0324018297314276
chunk_2,賣超第6名分點前15天券商代號,0.0323653486242454
chunk_2,賣超第3名分點前16天買均價,0.0323022782861117
chunk_2,買超第9名分點前8天買筆數,0.0322552844156875
chunk_3,個股券商分點區域分析_近1日賣超5分點區域密度,0.0322538212018394
chunk_2,賣超第13名分點前8天買筆數,0.0322125933759269
chunk_2,賣超第1名分點前17天賣筆數,0.032132918195964
chunk_2,買超第9名分點前7天買筆數,0.0320992872138975
chunk_2,賣超第6名分點前12天金額增減(千),0.0320943831313954
chunk_2,買超第15名分點前13天買均張,0.0320830801255101
chunk_2,買超第4名分點前19天券商代號,0.0320803588235246
chunk_2,賣超第3名分點前9天賣均價,0.0320214007473364
chunk_2,賣超第4名分點前15天買筆數,0.0320109064223096
chunk_1,買超第15名分點前13天券商代號,0.0319568965794441
chunk_1,季IFRS財報_稅後資產報酬率累季(%),0.0319040811809016
chunk_2,買超第7名分點前15天金額增減(千),0.0318957468764758
chunk_2,賣超第5名分點前18天賣均值(千),0.0318858234621464
chunk_2,買超第14名分點前11天券商代號,0.031885018220762
chunk_1,季IFRS財報_運用資本對資產總額比率(%),0.0318755898002968
chunk_2,買超第2名分點前8天賣均價,0.0318086273189089
chunk_1,技術指標_RSI(10),0.0317968884934775
chunk_2,買超第3名分點前9天買金額(千),0.0317554046796927
chunk_1,賣超第12名分點前4天賣均值(千),0.0317520718409039
chunk_3,買超第13名分點買筆數,0.0315674285233516
chunk_1,賣超第13名分點前15天買筆數,0.0314519995302912
chunk_1,賣超第14名分點前13天賣均張,0.0313460927019811
chunk_3,買超第2名分點前3天賣均價,0.0312910695722501
chunk_2,賣超第13名分點前7天買筆數,0.0312746559874469
chunk_2,賣超第10名分點前15天賣筆數,0.0312385624332612
chunk_2,賣超第14名分點前5天買筆數,0.0312251586699051
chunk_1,買超第9名分點前9天買筆數,0.0311618576666267
chunk_2,賣超第11名分點前4天賣均值(千),0.031136693360147
chunk_1,賣超第13名分點前9天券商代號,0.0311142930313033
chunk_2,買超第9名分點前1天買均價,0.0310901393045658
chunk_2,賣超第10名分點前20天券商代號,0.0310731820186309
chunk_3,買超第3名分點前11天賣均價,0.0310720444656554
chunk_2,賣超第15名分點前11天券商代號,0.0310395811299166
chunk_2,個股券商分點區域分析_近5日賣超2分點區域密度,0.0309632355308776
chunk_2,買超第1名分點前9天買筆數,0.0307091523687297
chunk_2,賣超第11名分點前8天買筆數,0.0306169846451204
chunk_1,技術指標_季RSI(10),0.0304876197416333
chunk_3,買超第9名分點前18天買均價,0.0303663994295471
chunk_1,賣超第3名分點前19天買均價,0.030261654721896
chunk_2,買超第9名分點前5天買筆數,0.0302613520044574
chunk_2,賣超第13名分點前12天券商代號,0.0302607864479938
chunk_3,買超第1名分點前9天賣筆數,0.0301079508922126
chunk_1,賣超第15名分點前2天券商代號,0.0300951123026643
chunk_1,賣超第7名分點前2天券商代號,0.0300857822452603
chunk_2,賣超第13名分點前6天券商代號,0.0300459601368017
chunk_3,賣超第4名分點前18天賣均值(千),0.0299825363734959
chunk_1,買超第9名分點前20天買筆數,0.0298840470656941
chunk_1,買超第5名分點前10天券商代號,0.0298697622168114
chunk_2,買超第10名分點前2天券商代號,0.029848042606224
chunk_3,賣超第10名分點前2天賣均價,0.0298342386393271
chunk_2,買超第9名分點前20天買張,0.0298149199826199
chunk_1,買超第9名分點前18天買筆數,0.0297424884623963
chunk_1,買超第12名分點前4天金額增減(千),0.0296603845658717
chunk_1,買超第4名分點前1天買筆數,0.0295460991629863
chunk_1,賣超第13名分點前5天券商代號,0.029541879164635
chunk_3,賣超第9名分點前9天賣均張,0.0295204120782293
chunk_1,賣超第10名分點前3天賣筆數,0.0294934051474762
chunk_3,買超第7名分點前12天張增減,0.0294877663554178
chunk_2,官股券商_賣均值(千),0.0294798737880393
chunk_2,買超第12名分點前7天券商代號,0.0294628841877264
chunk_3,買超第11名分點前12天賣均價,0.0294263649395206
chunk_3,買超第11名分點前11天券商代號,0.0294132198313525
chunk_1,買超第5名分點前5天券商代號,0.0292966208122587
chunk_2,賣超第15名分點前6天賣均張,0.0292917894571578
chunk_2,賣超第12名分點前11天券商代號,0.029276003667234
chunk_1,個股券商分點區域分析_近20日成交5公司區域密度,0.029194168143878
chunk_1,買超第12名分點前16天張增減,0.0291403108965297
chunk_3,買超第9名分點前12天券商代號,0.0289825711002936
chunk_1,買超第6名分點前2天買筆數,0.0289761115842654
chunk_2,買超第12名分點前14天買筆數,0.0289233436384539
chunk_3,買超第10名分點前18天買均價,0.0288589569447405
chunk_3,買超第14名分點前1天金額增減(千),0.0288447477677921
chunk_2,賣超第10名分點前17天賣均值(千),0.0288209371465558
chunk_2,賣超第12名分點前11天賣均張,0.0288081548590923
chunk_2,買超第1名分點前6天賣均價,0.0287968900389085
chunk_1,買超第13名分點前14天金額增減(千),0.0287746375240115
chunk_2,賣超第5名分點前19天張增減,0.0287605342457627
chunk_2,買超第8名分點前9天賣均價,0.0287337418796932
chunk_2,買超第9名分點前10天賣筆數,0.0287283563674872
chunk_3,買超第10名分點前9天金額增減(千),0.0285098209329212
chunk_2,賣超第1名分點前9天買均張,0.0284260897019297
chunk_2,賣超第12名分點前15天金額增減(千),0.0283275513910371
chunk_2,賣超第12名分點前4天券商代號,0.0283241866857359
chunk_1,買超第3名分點券商代號,0.0282620985738314
chunk_2,主力券商_前20天分點出貨比(%),0.0282458461560184
chunk_2,賣超第8名分點前13天賣均價,0.0282201259352315
chunk_3,買超第3名分點前7天賣均價,0.0282068585047082
chunk_2,買超第4名分點前5天賣均價,0.0281693749442726
chunk_3,賣超第12名分點前10天賣張,0.0281339706204776
chunk_1,買超第3名分點前16天券商代號,0.0281227000117673
chunk_3,賣超第9名分點前2天賣均價,0.0280669130298002
chunk_1,個股券商分點區域分析_近60日成交2分點區域密度,0.0279752147000237
chunk_2,買超第6名分點前17天金額增減(千),0.0279556148810718
chunk_2,買超第10名分點前14天賣筆數,0.0278939666448588
chunk_2,買超第9名分點前14天賣均價,0.0278519228253872
chunk_3,賣超第9名分點前7天券商代號,0.027833509458304
chunk_2,買超第2名分點前19天賣張,0.0277546472836757
chunk_1,賣超第11名分點前1天賣均價,0.0276905012696048
chunk_2,買超第4名分點前1天買均價,0.0276794740751776
chunk_2,賣超第12名分點前11天買筆數,0.0276671732705841
chunk_3,買超第6名分點賣均價,0.027639693016597
chunk_3,買超第13名分點前2天買均張,0.027631152207283
chunk_1,賣超第11名分點券商代號,0.0276222115399754
chunk_1,買超第3名分點前17天買筆數,0.027570754457926
chunk_3,賣超第3名分點前11天買筆數,0.0274568399563598
chunk_2,賣超第9名分點前15天賣均值(千),0.0274414919349438
chunk_2,賣超第8名分點前3天買均價,0.0273687205610589
chunk_1,賣超第4名分點前7天賣張,0.0273153725405912
chunk_2,賣超第11名分點前2天買均價,0.0273140116944889
chunk_3,買超第4名分點前15天買張,0.0272825404678405
chunk_1,買超第7名分點前11天買筆數,0.0272563620628521
chunk_2,賣超第7名分點前17天賣金額(千),0.0272494914088656
chunk_2,買超第5名分點前17天賣均價,0.0271921087966777
chunk_2,賣超第1名分點前4天買筆數,0.0271658830183412
chunk_2,買超第7名分點前7天買筆數,0.027127767961365
chunk_2,買超第1名分點前12天買張,0.0270820878499773
chunk_2,賣超第14名分點前12天券商代號,0.0270402249438102
chunk_2,買超第14名分點前6天券商代號,0.0269509468068355
chunk_1,買超第2名分點前17天賣筆數,0.0269296670524417
chunk_3,賣超第7名分點前6天賣均價,0.0269261311144417
chunk_3,賣超第3名分點前5天券商代號,0.0268423520309742
chunk_2,買超第7名分點前9天券商代號,0.0267865548405628
chunk_3,買超第12名分點前2天券商代號,0.0267267748909947
chunk_1,賣超第1名分點前8天券商代號,0.026698669849222
chunk_3,賣超第3名分點前1天買筆數,0.0266913760784703
chunk_3,賣超第12名分點前3天賣均價,0.0266810339962172
chunk_1,賣超第5名分點前17天買筆數,0.0266693453315877
chunk_3,賣超第6名分點前4天買均價,0.0265910040354827
chunk_2,賣超第6名分點前17天賣筆數,0.0265823665441791
chunk_1,賣超第1名分點前2天金額增減(千),0.0265734086935452
chunk_2,賣超第14名分點前17天金額增減(千),0.026565247818228
chunk_2,買超第3名分點前5天券商代號,0.0265530335541283
chunk_1,買超第7名分點前4天買筆數,0.0265415912000185
chunk_2,賣超第12名分點前18天買筆數,0.0264969876514995
chunk_2,賣超第6名分點前1天賣均值(千),0.0264947286676776
chunk_2,賣超第13名分點前1天賣筆數,0.026489168031707
chunk_1,賣超第15名分點前20天賣筆數,0.0264851026123957
chunk_2,買超第3名分點前10天買筆數,0.0264330662629885
chunk_2,賣超第4名分點前16天券商代號,0.026384041179328
chunk_1,技術指標_D(9),0.0263593905031879
chunk_3,買超第13名分點前7天券商代號,0.0263558031079995
chunk_2,賣超第9名分點前7天買筆數,0.0262235200320562
chunk_3,買超第14名分點前7天券商代號,0.0260853119879498
chunk_2,買超第5名分點前17天買筆數,0.0260479557684618
chunk_1,賣超第2名分點前14天賣筆數,0.0260341860994196
chunk_3,賣超第13名分點前17天賣均張,0.0259644260688051
chunk_2,賣超第14名分點前18天賣筆數,0.0259217736732197
chunk_1,外資券商_前3天分點出貨比(%),0.025915933043913
chunk_3,買超第15名分點前4天券商代號,0.0259000653922978
chunk_3,買超第4名分點前6天買均價,0.0258752768216046
chunk_1,買超第6名分點前10天券商代號,0.0258122335631491
chunk_1,賣超第7名分點賣均值(千),0.0257209117525347
chunk_1,買超第8名分點前6天券商代號,0.025688366638588
chunk_1,買超第15名分點前3天買筆數,0.0256673069260854
chunk_3,賣超第8名分點前2天賣均價,0.0256626368212949
chunk_1,賣超第3名分點前4天買均價,0.0256594677179194
chunk_3,買超第13名分點前10天券商代號,0.025503801500813
chunk_1,買超第5名分點前8天買筆數,0.0254696614186692
chunk_3,買超第9名分點前1天賣均價,0.0254504051965046
chunk_3,賣超第10名分點前2天買張,0.0253826211938147
chunk_3,買超第13名分點前20天買金額(千),0.0253766904725983
chunk_2,買超第3名分點前8天券商代號,0.0253491458210551
chunk_2,賣超第1名分點前7天賣均張,0.025273943210076
chunk_3,買超第15名分點前8天買均值(千),0.0252229665329094
chunk_2,賣超第14名分點前8天券商代號,0.0251930699674922
chunk_1,賣超第11名分點前11天賣筆數,0.0251724750592909
chunk_2,賣超第7名分點前7天買筆數,0.0251610849582674
chunk_2,賣超第14名分點前9天賣均值(千),0.0251512632447077
chunk_3,主力券商_前7天分點買賣力,0.0250796312756746
chunk_3,賣超第4名分點前12天買均張,0.0250248567209016
chunk_3,買超第13名分點前15天買金額(千),0.0250212437772204
chunk_2,賣超第5名分點前18天賣筆數,0.0250210312808722
chunk_3,買超第4名分點前18天券商代號,0.0250195001684018
chunk_2,賣超第14名分點前17天買張,0.0249800089202035
chunk_1,個股主力買賣超統計_近60日主力買賣超(%),0.0249467339486246
chunk_3,買超第15名分點前4天買筆數,0.0249137640973344
chunk_2,賣超第2名分點前10天賣張,0.0248529297614179
chunk_2,買超第9名分點前20天買均價,0.0248056863074148
chunk_3,買超第9名分點前2天買均價,0.0247533460485724
chunk_3,賣超第15名分點前10天賣均張,0.0247120273516986
chunk_2,賣超第11名分點前11天買筆數,0.0246486226936823
chunk_2,買超第7名分點前9天買均價,0.0246064493070754
chunk_3,買超第14名分點前18天賣筆數,0.0245550920757682
chunk_2,買超第10名分點前8天賣筆數,0.0245171211152266
chunk_2,賣超第9名分點前9天券商代號,0.0245123828702515
chunk_3,賣超第2名分點前14天賣均值(千),0.0244160008333245
chunk_1,買超第3名分點前6天券商代號,0.0244141360078229
chunk_1,買超第5名分點前15天買筆數,0.0244116039325445
chunk_3,賣超第8名分點前3天賣均值(千),0.0244016051821332
chunk_2,賣超第14名分點前14天賣均張,0.0243826231295429
chunk_3,買超第15名分點前14天券商代號,0.0243125992306104
chunk_1,賣超第12名分點前20天賣筆數,0.0243077603051194
chunk_3,買超第6名分點前12天賣均張,0.024306397544825
chunk_1,買超第12名分點前1天券商代號,0.0242927086764308
chunk_2,個股券商分點區域分析_近20日買超2分點區域密度,0.0242481484503439
chunk_1,賣超第10名分點前14天賣均張,0.0242440409542631
chunk_2,賣超第8名分點前3天賣均張,0.0242107182893117
chunk_1,主力券商_前19天分點出貨比(%),0.0241831951541709
chunk_2,買超第14名分點前5天買均價,0.0241727884091278
chunk_2,賣超第7名分點前17天買均價,0.024172468675182
chunk_1,賣超第11名分點前20天買筆數,0.0240659798150972
chunk_2,買超第13名分點金額增減(千),0.0238903171300471
chunk_1,賣超第11名分點前3天券商代號,0.0238662686755281
chunk_3,賣超第6名分點前3天金額增減(千),0.0238638949290036
chunk_1,買超第1名分點前2天買筆數,0.0238485433046313
chunk_2,賣超第12名分點前18天券商代號,0.0238354784565754
chunk_1,買超第13名分點前2天張增減,0.0237520777889644
chunk_2,賣超第12名分點前15天買筆數,0.0237496422609411
chunk_2,買超第14名分點前2天券商代號,0.0236728719267228
chunk_1,買超第3名分點前4天賣均價,0.0236370279305683
chunk_2,買超第6名分點前19天買筆數,0.0236069734647377
chunk_1,賣超第6名分點前16天賣張,0.0235884186048935
chunk_2,買超第1名分點前15天賣筆數,0.0235632624173645
chunk_2,賣超第5名分點前18天買筆數,0.0235477643199351
chunk_2,買超第14名分點前10天券商代號,0.0235427137098709
chunk_2,賣超第8名分點前9天買筆數,0.0234775654211583
chunk_2,賣超第9名分點前15天賣筆數,0.0234619662997374
chunk_1,個股券商分點區域分析_近60日成交5分點區域密度,0.0234454492402557
chunk_3,賣超第6名分點前14天買筆數,0.0233996004584017
chunk_2,賣超第13名分點前6天買筆數,0.0233552950133887
chunk_3,買超第3名分點前13天金額增減(千),0.0233079121538899
chunk_1,外資券商_前1天分點吃貨比(%),0.0232756912583868
chunk_3,買超第8名分點前19天賣均價,0.0232677284424221
chunk_3,賣超第9名分點前16天賣張,0.0231440305249823
chunk_2,買超第14名分點前3天買均值(千),0.0231401250541681
chunk_2,賣超第14名分點前11天賣均值(千),0.0230741046682277
chunk_2,買超第6名分點前11天買筆數,0.0230685839113931
chunk_2,賣超第8名分點前9天券商代號,0.0230375891136659
chunk_3,買超第7名分點前2天買均價,0.0229970923511727
chunk_2,賣超第1名分點前4天買均值(千),0.0229948315322849
chunk_3,賣超第6名分點前3天賣筆數,0.0229812329104264
chunk_2,買超第1名分點前4天買金額(千),0.0229353140695222
chunk_2,買超第5名分點前15天買均值(千),0.0229070978009861
chunk_1,外資券商_前12天分點吃貨比(%),0.0228835081334428
chunk_2,賣超第5名分點前9天賣筆數,0.0228482356679613
chunk_1,賣超第7名分點券商代號,0.0227962012938389
chunk_3,買超第12名分點前20天券商代號,0.0227808950509255
chunk_2,賣超第14名分點前15天券商代號,0.0226976652349337
chunk_2,買超第14名分點前12天賣筆數,0.0226476482545664
chunk_2,外資券商_前8天分點出貨比(%),0.0226205669086472
chunk_2,買超第12名分點前11天券商代號,0.0226040727128567
chunk_2,賣超第3名分點前9天券商代號,0.0225673087797958
chunk_1,買超第12名分點前5天賣筆數,0.0225480166344454
chunk_3,賣超第15名分點前11天賣均價,0.0225222752675767
chunk_2,買超第14名分點前14天賣筆數,0.0224746080735642
chunk_1,買超第15名分點前15天金額增減(千),0.0224598610717541
chunk_2,買超第9名分點前11天買筆數,0.0224446681314479
chunk_2,買超第4名分點前5天買金額(千),0.0223641322915489
chunk_2,買超第4名分點前9天賣筆數,0.0223073790299207
chunk_1,賣超第6名分點前3天買均價,0.0222488995926558
chunk_2,賣超第9名分點賣均張,0.0222176633363417
chunk_3,賣超第6名分點前3天賣均價,0.0222153881378747
chunk_1,賣超第3名分點前4天券商代號,0.0221905534382397
chunk_1,買超第12名分點前14天買均價,0.0220781014509929
chunk_3,買超第5名分點前13天賣筆數,0.0220751616974184
chunk_1,賣超第6名分點前5天券商代號,0.0220066356323755
chunk_3,賣超第8名分點前2天買均價,0.0219194869359664
chunk_3,賣超第1名分點前13天買筆數,0.0218365517350251
chunk_2,買超第13名分點前1天買筆數,0.0218345522027503
chunk_2,買超第3名分點前18天張增減,0.0217766129843476
chunk_2,買超第3名分點前13天買金額(千),0.0217636283036694
chunk_1,賣超第4名分點券商代號,0.0217267038065155
chunk_2,個股前6天成交量,0.0217229451814353
chunk_2,買超第1名分點前16天賣筆數,0.0216229183774798
chunk_1,買超第14名分點前6天金額增減(千),0.0215941051989467
chunk_2,賣超第9名分點前19天買筆數,0.0215683399869823
chunk_1,買超第7名分點前20天券商代號,0.0215215679817101
chunk_2,賣超第1名分點前17天買均張,0.0214467327693372
chunk_2,賣超第14名分點前3天賣均值(千),0.021439800276741
chunk_3,買超第6名分點前3天買筆數,0.0214298946917723
chunk_3,買超第8名分點前6天買均張,0.021428858688257
chunk_3,賣超第12名分點前12天券商代號,0.0214119113338057
chunk_3,賣超第4名分點前12天賣金額(千),0.0213996524643167
chunk_2,買超第2名分點賣筆數,0.0213386272122676
chunk_3,買超第10名分點前12天賣均價,0.021331285654038
chunk_2,賣超第14名分點前12天買筆數,0.0213303966182817
chunk_2,外資券商_前8天分點吃貨比(%),0.0213015992714484
chunk_3,買超第10名分點前15天賣筆數,0.021284374671797
chunk_3,買超第7名分點前19天買均值(千),0.0212499655740122
chunk_1,買超第11名分點前10天賣均價,0.0212220454137821
chunk_3,買超第4名分點前13天買金額(千),0.0212096123177369
chunk_1,賣超第13名分點前16天券商代號,0.021200949344105
chunk_2,主力券商_前20天分點買賣力,0.0211035251953331
chunk_3,買超第7名分點前16天金額增減(千),0.0210942464063504
chunk_1,賣超第12名分點前1天賣筆數,0.0210053470548751
chunk_2,買超第6名分點前9天賣均價,0.0209714828258847
chunk_2,買超第8名分點前6天買均值(千),0.0209273428570732
chunk_3,買超第13名分點前10天賣筆數,0.0208745062089509
chunk_2,賣超第1名分點前11天買均張,0.0208722395818882
chunk_2,買超第12名分點前9天買均值(千),0.0208301862369667
chunk_1,賣超第14名分點前18天賣均價,0.0208218928754766
chunk_2,賣超第14名分點前11天券商代號,0.0207928317063022
chunk_3,買超第1名分點前5天金額增減(千),0.02078829245038
chunk_1,買超第13名分點前9天買筆數,0.0207841272282566
chunk_2,賣超第3名分點前13天賣均張,0.0207819030874512
chunk_3,主力券商_前16天分點買賣力,0.0207514944744945
chunk_3,買超第9名分點賣均價,0.0207507687187001
chunk_2,賣超第7名分點前11天券商代號,0.0207470361313277
chunk_2,買超第9名分點前7天張增減,0.020742465178947
chunk_2,賣超第11名分點前12天買筆數,0.0207312798005172
chunk_3,買超第5名分點前6天買均價,0.0206458568592692
chunk_3,賣超第1名分點前9天買均價,0.0206234525653253
chunk_2,買超第3名分點前19天買筆數,0.0205752806843043
chunk_2,季IFRS財報_總資產成長率(%),0.0205575632230964
chunk_2,賣超第10名分點前12天賣筆數,0.0204926589516768
chunk_2,賣超第12名分點前1天買筆數,0.020488548685554
chunk_2,賣超第8名分點前18天賣均張,0.0204707592007867
chunk_3,買超第1名分點買均張,0.0204585345553755
chunk_2,賣超第9名分點前6天買筆數,0.0204135441783862
chunk_3,賣超第6名分點前6天賣均價,0.0203570088915509
chunk_3,賣超第2名分點前8天買均價,0.0203236412576891
chunk_1,賣超第4名分點前17天賣張,0.0203230524634634
chunk_3,賣超第8名分點前17天張增減,0.0203183988582827
chunk_3,賣超第11名分點前2天券商代號,0.0203107182191338
chunk_3,買超第2名分點前6天買均價,0.0203098723786689
chunk_2,買超第7名分點前11天金額增減(千),0.0202854657121669
chunk_1,賣超第5名分點前3天券商代號,0.0202262844560891
chunk_3,賣超第12名分點前7天賣張,0.0202186633786958
chunk_3,賣超第14名分點賣筆數,0.0201404699358387
chunk_2,買超第10名分點前10天券商代號,0.0201160499386712
chunk_2,買超第2名分點前8天賣筆數,0.0201027084730507
chunk_2,買超第8名分點前14天買筆數,0.0200417349140905
chunk_3,買超第1名分點賣筆數,0.0200026386168903
chunk_2,賣超第15名分點前11天買筆數,0.0199350418633221
chunk_1,賣超第5名分點前2天券商代號,0.0198830501019759
chunk_2,賣超第13名分點前10天券商代號,0.0198136894694312
chunk_3,買超第12名分點前10天券商代號,0.0197925229209341
chunk_1,買超第13名分點券商代號,0.0197796494799501
chunk_3,買超第12名分點前19天賣筆數,0.019747958704308
chunk_3,買超第2名分點前18天買均張,0.0197343141264886
chunk_1,買超第10名分點前12天張增減,0.0196477258091275
chunk_2,買超第7名分點買均值(千),0.0195557029748012
chunk_3,賣超第14名分點前13天買均價,0.0195535172047339
chunk_3,賣超第1名分點前5天賣均張,0.0195523072217246
chunk_3,賣超第1名分點前14天賣均值(千),0.0195244233023667
chunk_3,買超第2名分點前6天賣均值(千),0.0195222026723316
chunk_2,買超第4名分點前8天賣筆數,0.0194928631056345
chunk_2,買超第4名分點前3天金額增減(千),0.0193302096665302
chunk_2,買超第6名分點前14天買張,0.0193035457171402
chunk_2,買超第12名分點前5天賣均價,0.019284678963776
chunk_3,賣超第12名分點前8天賣均值(千),0.0192539293439595
chunk_2,買超第8名分點前12天券商代號,0.0192360018866928
chunk_2,個股20天成交量波動度,0.0191955475922065
chunk_3,賣超第15名分點前19天賣均張,0.0191528800158279
chunk_3,買超第4名分點前14天券商代號,0.0191500958617123
chunk_1,賣超第15名分點前20天券商代號,0.0191046990476487
chunk_2,賣超第13名分點前6天賣筆數,0.0190630063827195
chunk_3,買超第7名分點前5天買筆數,0.0190411918201785
chunk_3,買超第15名分點前4天賣均值(千),0.0190103015730418
chunk_2,賣超第6名分點前11天券商代號,0.01899935740427
chunk_2,賣超第10名分點前2天賣筆數,0.018836283533101
chunk_2,買超第14名分點前13天買均價,0.0187514741061566
chunk_2,買超第11名分點前11天賣均價,0.0186665178181742
chunk_1,賣超第9名分點前18天券商代號,0.0186384158826948
chunk_2,買超第9名分點券商代號,0.0186370725148475
chunk_2,賣超第10名分點前16天券商代號,0.018612248518497
chunk_1,買超第14名分點前12天金額增減(千),0.0185049107064735
chunk_3,買超第10名分點前2天買均價,0.0184199828823768
chunk_3,買超第5名分點前12天買均張,0.0183430128262639
chunk_3,賣超第8名分點前16天賣張,0.0183366399718908
chunk_3,買超第15名分點前11天買張,0.018332834086735
chunk_3,賣超第8名分點前19天券商代號,0.0183326103949853
chunk_3,買超第13名分點前1天券商代號,0.0183317176289687
chunk_2,買超第4名分點前15天賣筆數,0.0182797115632265
chunk_3,買超第14名分點前2天買筆數,0.0182468340152636
chunk_3,賣超第5名分點前16天張增減,0.0181842651476763
chunk_3,買超第10名分點買均值(千),0.0181655746184635
chunk_2,賣超第2名分點前4天買筆數,0.0181263842612686
chunk_3,買超第5名分點前18天買筆數,0.0181251245242541
chunk_2,賣超第13名分點前9天買筆數,0.0181165442857664
chunk_2,買超第5名分點前2天券商代號,0.0181027330909633
chunk_2,買超第8名分點買筆數,0.0180824013710457
chunk_2,買超第10名分點前6天賣均價,0.0180179528038705
chunk_2,賣超第9名分點前2天買均價,0.017931431325569
chunk_2,賣超第14名分點前14天券商代號,0.0179007032327263
chunk_3,買超第6名分點前11天賣筆數,0.0179006709595286
chunk_2,賣超第1名分點前11天賣筆數,0.0178122376376659
chunk_2,買超第9名分點前19天券商代號,0.0177793201584543
chunk_3,買超第12名分點前8天買筆數,0.0177324469847622
chunk_2,賣超第5名分點前1天賣張,0.0175998755565611
chunk_1,買超第3名分點買筆數,0.0175907644211977
chunk_1,外資券商_前14天分點出貨比(%),0.0175486761455893
chunk_1,賣超第6名分點前19天賣筆數,0.0175228264185718
chunk_2,買超第4名分點前6天券商代號,0.0174723562925771
chunk_2,賣超第14名分點前4天買均價,0.0174345265292915
chunk_1,賣超第14名分點前1天賣均值(千),0.0173730267313692
chunk_3,賣超第3名分點前7天買均張,0.0173586969058471
chunk_1,賣超第1名分點前6天券商代號,0.0173519366059253
chunk_2,買超第15名分點買筆數,0.0173203553964719
chunk_3,買超第15名分點前1天券商代號,0.0173035020613917
chunk_3,買超第11名分點前7天張增減,0.0172650228844071
chunk_2,賣超第1名分點前2天券商代號,0.0171575015725489
chunk_2,買超第8名分點前19天買張,0.0170876210078719
chunk_2,賣超第2名分點前18天金額增減(千),0.017085852012791
chunk_3,買超第7名分點前12天賣筆數,0.017042180482144
chunk_2,買超第12名分點前6天買均張,0.0170416470257196
chunk_2,買超第14名分點前17天賣筆數,0.0170405858140115
chunk_3,買超第11名分點前20天金額增減(千),0.0170380537391756
chunk_2,賣超第1名分點賣筆數,0.0170151225191971
chunk_1,買超第14名分點前15天買均張,0.0169974257046914
chunk_3,買超第5名分點前3天買均價,0.0169457428127206
chunk_1,買超第6名分點張增減,0.0169337934693178
chunk_1,賣超第6名分點前8天券商代號,0.0168761355962655
chunk_3,賣超第11名分點前15天賣筆數,0.0168694568020491
chunk_2,主力券商_分點進出,0.0168194133192353
chunk_2,賣超第6名分點前15天賣均張,0.0168029655085407
chunk_2,賣超第11名分點前9天買筆數,0.016792478084635
chunk_3,主力券商_前8天分點進出,0.0167737326855908
chunk_3,買超第9名分點前10天買均張,0.0166817822926197
chunk_1,賣超第15名分點前18天券商代號,0.0166782899655108
chunk_3,個股券商分點區域分析_近5日成交5與公司接近比例,0.0165914443946256
chunk_3,買超第11名分點前18天券商代號,0.0165893226240463
chunk_2,賣超第5名分點前11天買筆數,0.0165768308363472
chunk_3,賣超第1名分點前7天買均價,0.0165548706455268
chunk_3,賣超第3名分點前9天賣張,0.0165496153471463
chunk_3,賣超第12名分點前16天買均張,0.0165259262235686
chunk_3,賣超第10名分點前1天券商代號,0.0165163621195778
chunk_3,買超第10名分點前11天賣均價,0.0165144957310888
chunk_3,賣超第13名分點前8天賣均張,0.0164887570074727
chunk_3,賣超第1名分點前4天買均張,0.016447529080923
chunk_3,賣超第12名分點前14天券商代號,0.0163746051500731
chunk_3,買超第2名分點前9天張增減,0.0163703970835002
chunk_1,上市加權指數前10天成交量,0.0163315461143748
chunk_3,賣超第2名分點前20天張增減,0.0162908727626376
chunk_2,買超第14名分點前7天賣均價,0.0162693787616509
chunk_3,買超第12名分點前5天金額增減(千),0.0162058128967
chunk_1,賣超第9名分點前17天賣均張,0.0161504128492763
chunk_2,買超第10名分點前12天賣筆數,0.0161344740025079
chunk_2,賣超第12名分點前9天賣均價,0.0161037222834792
chunk_3,買超第11名分點前2天買筆數,0.0160493832106049
chunk_3,賣超第9名分點前10天賣均張,0.0159878368954112
chunk_2,買超第15名分點前10天賣均價,0.0159869876052325
chunk_2,買超第12名分點前2天金額增減(千),0.0159427958704627
chunk_1,賣超第1名分點前8天賣筆數,0.0159426578529623
chunk_2,賣超第4名分點前6天賣筆數,0.0159313290200813
chunk_1,買超第15名分點券商代號,0.0159213457022249
chunk_1,個股券商分點區域分析_近20日賣超5分點間接近比例,0.0158862932392238
chunk_3,買超第3名分點前14天賣筆數,0.0158586249838293
chunk_2,買超第9名分點買均值(千),0.0158270935843332
chunk_2,賣超第15名分點前9天券商代號,0.0157986512350478
chunk_1,買超第2名分點前5天賣筆數,0.0157780528628275
chunk_2,買超第4名分點前13天金額增減(千),0.0157077691121095
chunk_3,買超第9名分點前3天買均價,0.0156884552586553
chunk_1,主力券商_前15天分點出貨比(%),0.0156528375480433
chunk_3,個股券商分點區域分析_近20日賣超3分點區域密度,0.0156314484327634
chunk_1,買超第2名分點前18天買筆數,0.0155884784448615
chunk_2,買超第5名分點前13天買筆數,0.0155765829725367
chunk_3,賣超第12名分點前4天賣均張,0.0155743981859574
chunk_2,買超第4名分點前7天買均張,0.0155736663100852
chunk_2,賣超第15名分點前2天買筆數,0.0155426137659428
chunk_3,賣超第13名分點前14天券商代號,0.0154963559312628
chunk_3,賣超第3名分點前19天買筆數,0.0154861956086321
chunk_2,賣超第2名分點前2天買筆數,0.015410904817976
chunk_3,買超第3名分點前6天買均價,0.0153857499304926
chunk_2,買超第12名分點前3天買均張,0.0153843803498858
chunk_3,賣超第11名分點前18天買金額(千),0.0153807328787136
chunk_3,買超第14名分點前2天買張,0.015379328061374
chunk_2,買超第10名分點前4天買均值(千),0.015377674080231
chunk_2,買超第7名分點前10天券商代號,0.0153630789589134
chunk_3,買超第9名分點前12天賣金額(千),0.0152855161333086
chunk_3,買超第15名分點前9天買均價,0.0152845542420768
chunk_2,賣超第4名分點前12天賣張,0.0151556003047547
chunk_3,買超第10名分點前14天買均值(千),0.0151298446996775
chunk_3,買超第14名分點前1天賣筆數,0.0150941298410308
chunk_2,賣超第13名分點前8天張增減,0.0150912071944934
chunk_2,賣超第6名分點買均價,0.0150441446460604
chunk_2,買超第10名分點前1天買均張,0.0150336824880096
chunk_2,買超第7名分點前6天買筆數,0.015028454617229
chunk_2,賣超第4名分點前18天買筆數,0.0149254844477282
chunk_1,買超第10名分點前13天買筆數,0.0148844670530698
chunk_2,賣超第8名分點前8天賣筆數,0.0148459100646782
chunk_2,賣超第4名分點前12天賣均張,0.0148265488649855
chunk_3,賣超第1名分點前3天買張,0.0147759301527651
chunk_3,賣超第8名分點前18天買筆數,0.0147561235526098
chunk_2,賣超第5名分點前12天買均價,0.0147386877484766
chunk_1,賣超第5名分點前6天券商代號,0.014705635890365
chunk_3,買超第15名分點前18天賣均張,0.014672894737761
chunk_3,賣超第14名分點前10天賣筆數,0.0146553495421788
chunk_1,賣超第4名分點前14天賣筆數,0.0146249566969996
chunk_1,買超第9名分點前13天買均價,0.0145384455762386
chunk_3,賣超第11名分點前9天買均價,0.0145309355272394
chunk_1,買超第13名分點前11天買均價,0.0144905825102359
chunk_3,賣超第6名分點前17天買均值(千),0.0144511068866308
chunk_1,賣超第11名分點前3天賣金額(千),0.0144443621416596
chunk_1,買超第2名分點前11天券商代號,0.0144072695014406
chunk_3,賣超第5名分點前13天買筆數,0.0143895082135066
chunk_2,個股券商分點區域分析_近1日賣超2分點區域密度,0.0143156990798941
chunk_3,買超第3名分點前10天賣筆數,0.014308729538165
chunk_1,外資券商_前18天分點出貨比(%),0.0142573447674787
chunk_3,賣超第12名分點前13天賣均值(千),0.0142449360154501
chunk_3,賣超第13名分點前2天買筆數,0.0142152426179848
chunk_1,買超第10名分點前11天買筆數,0.0141661274701278
chunk_2,賣超第9名分點前7天賣筆數,0.0141253172974946
chunk_3,買超第15名分點前8天券商代號,0.0140890164521252
chunk_1,賣超第3名分點前14天券商代號,0.0140868158400077
chunk_2,賣超第12名分點前15天賣筆數,0.0140384742999772
chunk_2,買超第2名分點前16天賣筆數,0.0140328246897633
chunk_2,賣超第8名分點券商代號,0.0140278269843005
chunk_3,買超第5名分點前9天賣均值(千),0.0139960499927567
chunk_1,買超第9名分點買筆數,0.013894424188656
chunk_3,賣超第1名分點前15天賣筆數,0.0138820028815504
chunk_2,賣超第2名分點前9天賣筆數,0.0138411226302583
chunk_3,賣超第4名分點前18天券商代號,0.0137582594912945
chunk_3,賣超第6名分點前2天買筆數,0.0137371972144553
chunk_3,賣超第10名分點前5天買均價,0.013736931440824
chunk_3,賣超第15名分點前1天賣均值(千),0.0137027681065742
chunk_3,買超第12名分點前5天券商代號,0.0137021623739262
chunk_3,買超第7名分點前14天賣筆數,0.0136821386504248
chunk_3,賣超第5名分點前6天賣均價,0.0136400412304675
chunk_3,買超第8名分點前11天買均值(千),0.0136339435402232
chunk_3,買超第14名分點券商代號,0.0135928291915306
chunk_2,買超第4名分點賣均價,0.0134582480162871
chunk_3,賣超第13名分點前12天買筆數,0.0134413273878124
chunk_2,買超第8名分點前3天賣均價,0.0134130729545227
chunk_1,賣超第10名分點前1天賣筆數,0.0133447043880872
chunk_2,賣超第13名分點前7天券商代號,0.0132751355716844
chunk_1,買超第8名分點前2天賣均價,0.0132729992868041
chunk_2,賣超第10名分點前17天賣均張,0.0132258361282944
chunk_3,買超第15名分點前13天買均價,0.0131891462975167
chunk_1,個股券商分點區域分析_近60日買超3分點區域密度,0.0131807640471699
chunk_3,賣超第10名分點前1天賣均張,0.0131736508909553
chunk_1,賣超第14名分點前6天買均價,0.0131183074039401
chunk_3,買超第13名分點前11天券商代號,0.0131035254126611
chunk_3,買超第9名分點前3天賣均價,0.0130794288439335
chunk_2,買超第1名分點前12天張增減,0.0130719689438006
chunk_2,買超第2名分點前14天買均張,0.013036018353146
chunk_3,賣超第11名分點前18天賣均值(千),0.0129339795602162
chunk_2,主力券商_前6天分點買賣力,0.0128880962392756
chunk_1,賣超第13名分點前4天賣均值(千),0.0128006168504218
chunk_2,賣超第4名分點前3天買均價,0.0127747900880889
chunk_1,外資券商_前3天分點吃貨比(%),0.0127445864927198
chunk_2,買超第14名分點前8天買均價,0.0126910054298565
chunk_2,買超第5名分點前3天金額增減(千),0.0126550416796202
chunk_1,買超第2名分點前6天買張,0.012615420498916
chunk_1,賣超第2名分點前11天賣均值(千),0.0125800255861481
chunk_3,買超第10名分點前6天買均值(千),0.0125718452603567
chunk_2,買超第15名分點前10天金額增減(千),0.0125115289345109
chunk_3,買超第12名分點前17天買均值(千),0.0124903845135193
chunk_2,賣超第12名分點前10天買筆數,0.0124663356356458
chunk_3,買超第12名分點前11天買均張,0.0124293560893077
chunk_3,買超第5名分點前12天金額增減(千),0.0124134606670648
chunk_3,賣超第9名分點前7天金額增減(千),0.0123416474155303
chunk_3,買超第4名分點前14天買張,0.0123199019186397
chunk_3,買超第15名分點前16天賣筆數,0.0122765311082746
chunk_3,賣超第8名分點前3天買張,0.0122682771603991
chunk_3,買超第4名分點前16天買均張,0.0122097999467223
chunk_1,賣超第9名分點前3天券商代號,0.012187887794626
chunk_3,賣超第7名分點前3天賣筆數,0.0121433516250473
chunk_1,賣超第15名分點前1天券商代號,0.0121213771641314
chunk_2,買超第13名分點前13天買筆數,0.0120643503271773
chunk_3,買超第11名分點前8天買張,0.0120575439282519
chunk_1,賣超第12名分點前5天買均價,0.0120070822324891
chunk_1,買超第1名分點前2天券商代號,0.0119218907579112
chunk_3,買超第3名分點前8天賣筆數,0.0118940474108601
chunk_3,賣超第3名分點買均價,0.0118862370918041
chunk_3,賣超第6名分點前19天賣張,0.0118531084112968
chunk_2,買超第6名分點前11天買張,0.0118360165421156
chunk_3,賣超第7名分點前16天賣筆數,0.0118173337375982
chunk_2,買超第4名分點前19天買筆數,0.0117997013140679
chunk_1,賣超第12名分點前3天券商代號,0.0117908241882405
chunk_3,賣超第9名分點前16天賣筆數,0.0117563907075327
chunk_1,賣超第8名分點前11天賣均價,0.0117178248629397
chunk_2,買超第9名分點賣筆數,0.0116945185636477
chunk_3,買超第12名分點賣筆數,0.0116786464515367
chunk_2,買超第1名分點前2天賣筆數,0.0116680725115003
chunk_1,外資券商_前10天分點吃貨比(%),0.0116158717310951
chunk_1,賣超第7名分點賣均價,0.0115997444428891
chunk_3,買超第8名分點前5天買均張,0.0115777346436774
chunk_3,賣超第8名分點前7天買筆數,0.0114899349737258
chunk_1,買超第10名分點前9天買筆數,0.0114728398802534
chunk_2,外資券商_前6天分點出貨比(%),0.0114672046386503
chunk_2,賣超第1名分點前5天買筆數,0.0114534904441364
chunk_1,買超第1名分點前20天券商代號,0.0113718561984929
chunk_3,賣超第14名分點前16天券商代號,0.0113617512580041
chunk_1,賣超第14名分點金額增減(千),0.0112933517324018
chunk_3,賣超第15名分點前5天賣均張,0.0112012146863045
chunk_2,買超第10名分點前13天買均價,0.0111883217390242
chunk_1,個股10天波動度,0.0111848875857015
chunk_1,買超第4名分點前19天張增減,0.0111612191172088
chunk_3,賣超第4名分點前11天賣均張,0.0111443477807973
chunk_1,季IFRS財報_稅額扣抵比率(%),0.0110432379030186
chunk_2,賣超第3名分點前13天賣均值(千),0.0110419565990753
chunk_1,外資券商_前17天分點出貨比(%),0.0109736931959565
chunk_2,賣超第2名分點前6天賣筆數,0.010950935077452
chunk_1,賣超第7名分點前12天券商代號,0.0109380477268377
chunk_2,買超第10名分點前11天券商代號,0.0109291180694883
chunk_3,買超第4名分點前11天賣筆數,0.0109288373619371
chunk_2,買超第8名分點前8天買均價,0.0109094806517844
chunk_2,買超第12名分點前5天張增減,0.0108760084252408
chunk_1,買超第12名分點前5天買均價,0.0108025267861261
chunk_1,買超第4名分點前18天買筆數,0.0107701094400032
chunk_2,賣超第15名分點前3天買筆數,0.0107695117581452
chunk_3,買超第15名分點前12天賣金額(千),0.0106766213818377
chunk_2,賣超第7名分點前3天券商代號,0.0106508453166263
chunk_2,賣超第7名分點前5天買均價,0.0105937879289886
chunk_2,買超第10名分點前5天券商代號,0.0105288846300465
chunk_2,買超第6名分點前12天賣均值(千),0.0105034870615225
chunk_2,買超第3名分點前4天券商代號,0.010435432118819
chunk_1,買超第7名分點買筆數,0.0104322310921219
chunk_1,賣超第8名分點前20天賣均張,0.0103878194381411
chunk_2,賣超第9名分點前11天買筆數,0.0103365115073299
chunk_3,買超第14名分點前2天賣筆數,0.0103052299603094
chunk_3,賣超第12名分點前17天賣金額(千),0.0101775965164926
chunk_3,買超第9名分點前3天買均張,0.0101584955102741
chunk_3,買超第13名分點前4天買筆數,0.0101484659385929
chunk_2,賣超第14名分點前12天賣均價,0.010024057296051
chunk_1,賣超第11名分點前20天買均價,0.0100143519219328
chunk_2,個股券商分點區域分析_近1日賣超5公司區域密度,0.009954101404708
chunk_2,賣超第12名分點前17天賣張,0.0099340540636233
chunk_3,賣超第3名分點前18天買筆數,0.0098795901173666
chunk_3,買超第12名分點前19天買均張,0.0098614624878262
chunk_3,賣超第7名分點前20天賣金額(千),0.0098611037115831
chunk_2,買超第3名分點前20天券商代號,0.0098406190602686
chunk_2,賣超第7名分點前6天賣均張,0.009799840293013
chunk_2,賣超第3名分點前10天買筆數,0.0097843519889753
chunk_2,買超第5名分點前6天券商代號,0.0097807011075542
chunk_3,賣超第15名分點前19天賣均值(千),0.009764806361468
chunk_2,買超第15名分點前1天買均張,0.0097366107259998
chunk_2,賣超第1名分點前12天買筆數,0.0096230885017118
chunk_1,賣超第11名分點前17天買筆數,0.0096042685194016
chunk_3,賣超第1名分點前16天買張,0.009527876270383
chunk_1,個股券商分點區域分析_近60日賣超3分點區域密度,0.0095253408015977
chunk_3,買超第6名分點前3天買均價,0.0094991665569023
chunk_1,季IFRS財報_短期借款與流動資產比率(%),0.0094353687599087
chunk_3,買超第15名分點前18天買筆數,0.0093013584318625
chunk_1,賣超第1名分點前20天券商代號,0.0092049452069417
chunk_1,買超第14名分點前1天買筆數,0.0091678300727378
chunk_1,賣超第9名分點前19天賣筆數,0.0091388672755525
chunk_3,買超第4名分點前9天券商代號,0.0090912070694624
chunk_3,買超第5名分點前12天賣均價,0.0090760347109656
chunk_2,賣超第11名分點前12天券商代號,0.0090344864419204
chunk_2,買超第11名分點金額增減(千),0.0090256085334384
chunk_2,買超第13名分點前6天買均值(千),0.0090142756673104
chunk_3,賣超第2名分點前18天買均價,0.0090109351867173
chunk_3,上市加權指數前5天收盤價,0.0089831599920183
chunk_3,賣超第10名分點前5天買筆數,0.0089566622475211
chunk_2,買超第11名分點前16天買均張,0.0089338504484075
chunk_1,買超第13名分點前6天券商代號,0.0088556551588737
chunk_2,賣超第10名分點前13天賣均值(千),0.008770318854324
chunk_1,賣超第6名分點前20天買筆數,0.0087122319524766
chunk_3,賣超第8名分點前10天買筆數,0.0087065893593338
chunk_3,賣超第8名分點前11天買均價,0.0087023068571959
chunk_2,賣超第14名分點前9天賣金額(千),0.0087013109697353
chunk_1,買超第1名分點前14天券商代號,0.0086499842789019
chunk_1,賣超第4名分點前3天賣金額(千),0.0086418366746487
chunk_1,買超第15名分點張增減,0.00863835613253
chunk_1,賣超第8名分點前3天券商代號,0.0086285502335449
chunk_3,賣超第12名分點前3天賣金額(千),0.0086177303657461
chunk_2,買超第5名分點前2天賣均價,0.0084429206958024
chunk_2,賣超第3名分點前13天張增減,0.0084137712240572
chunk_3,賣超第15名分點前20天賣張,0.0083653066203082
chunk_3,賣超第6名分點前20天賣均值(千),0.0082739381982248
chunk_1,個股券商分點區域分析_近5日成交5公司區域密度,0.0082605080834408
chunk_1,賣超第1名分點前20天賣均張,0.0080542360727015
chunk_1,季IFRS財報_固定資產比率(%),0.0079831789005788
chunk_1,買超第4名分點前10天買均張,0.0079678109664236
chunk_3,買超第6名分點前8天買均張,0.0079665139842721
chunk_1,賣超第7名分點前1天賣筆數,0.0079570131889045
chunk_1,買超第1名分點前3天買筆數,0.0079431953526644
chunk_1,買超第3名分點前19天賣筆數,0.0079346100584283
chunk_1,買超第3名分點前3天買筆數,0.0079070359590071
chunk_2,賣超第6名分點前7天買均價,0.0078659469840313
chunk_2,賣超第13名分點前4天張增減,0.0078223894122274
chunk_3,買超第2名分點前7天賣筆數,0.0077140923421456
chunk_1,賣超第15名分點前3天賣筆數,0.0076726683139177
chunk_3,賣超第11名分點前3天賣張,0.0075965545188902
chunk_2,賣超第11名分點前16天金額增減(千),0.0075866700192497
chunk_2,賣超第6名分點前19天買筆數,0.0075815328560966
chunk_3,買超第15名分點前1天買張,0.0075692281216805
chunk_2,賣超第11名分點前16天券商代號,0.0075636626915844
chunk_3,買超第14名分點前9天券商代號,0.007421026637574
chunk_2,買超第15名分點前17天券商代號,0.0072008882288544
chunk_3,買超第4名分點前2天買均價,0.007195318975445
chunk_2,賣超第12名分點前13天賣均張,0.0071748865853544
chunk_3,賣超第12名分點前2天張增減,0.0070910675971081
chunk_1,買超第9名分點前4天券商代號,0.0070805601009772
chunk_2,賣超第6名分點前10天券商代號,0.0070770735428799
chunk_2,賣超第7名分點前4天券商代號,0.0070622187381868
chunk_3,日外資_外資買金額(千),0.0070337608876992
chunk_3,買超第5名分點前10天買筆數,0.0070043123163505
chunk_3,買超第12名分點前7天張增減,0.0069995207540878
chunk_3,賣超第10名分點前11天賣筆數,0.0069983197280136
chunk_2,買超第1名分點前12天券商代號,0.0069009128183959
chunk_2,賣超第3名分點前18天券商代號,0.0068498097481349
chunk_1,賣超第11名分點賣筆數,0.0066965342621337
chunk_3,買超第12名分點前2天買筆數,0.0066666663433047
chunk_1,技術指標_月+DM(14),0.0066466949130728
chunk_2,個股券商分點區域分析_近5日買超5公司區域密度,0.0065235124015241
chunk_3,買超第12名分點前15天金額增減(千),0.006469589468757
chunk_2,賣超第9名分點前20天賣均張,0.0063050938928285
chunk_2,賣超第9名分點賣均值(千),0.0061265645231036
chunk_1,賣超第1名分點前17天券商代號,0.0060127891175426
chunk_1,賣超第5名分點前12天券商代號,0.0059891528329597
chunk_2,賣超第12名分點前20天買筆數,0.0059856801943024
chunk_1,買超第7名分點前1天買筆數,0.0058930482195738
chunk_1,買超第12名分點前16天賣均價,0.0058005974404236
chunk_3,買超第4名分點前9天張增減,0.0057668082247162
chunk_2,賣超第13名分點前5天金額增減(千),0.0056782480261022
chunk_1,賣超第13名分點前3天金額增減(千),0.0056598676254645
chunk_3,買超第12名分點賣均價,0.0056333573164042
chunk_1,主力券商_前9天分點出貨比(%),0.0054834594404982
chunk_1,賣超第6名分點前6天買筆數,0.0054564540469971
chunk_3,買超第11名分點前2天賣筆數,0.0053064356518679
chunk_2,買超第2名分點前18天券商代號,0.0052416820285501
chunk_2,賣超第15名分點前16天賣均值(千),0.0051729445419496
chunk_3,賣超第6名分點前13天買均價,0.0051559043268476
chunk_2,買超第2名分點前7天買筆數,0.0051135956848572
chunk_2,賣超第5名分點前1天買均張,0.0050061890968677
chunk_1,個股成交量,0.0049492606726309
chunk_3,賣超第9名分點前14天券商代號,0.0049092592838871
chunk_1,買超第5名分點賣均價,0.004874290387618
chunk_2,賣超第4名分點前12天買張,0.0048250946711073
chunk_1,買超第8名分點前7天買筆數,0.0047990188132065
chunk_3,賣超第14名分點前3天買均價,0.0046929493018683
chunk_3,賣超第14名分點前1天賣筆數,0.0046779678668709
chunk_1,買超第5名分點前18天券商代號,0.0046652007191318
chunk_2,賣超第6名分點前14天賣均張,0.0046544986521258
chunk_2,賣超第13名分點前9天賣均值(千),0.0045878791054722
chunk_3,賣超第13名分點前3天張增減,0.0045744715343533
chunk_3,買超第15名分點前4天賣均張,0.0045724704651337
chunk_3,賣超第2名分點前18天買張,0.0045517481319145
chunk_1,個股券商分點區域分析_近5日賣超5分點區域密度,0.0045266633028087
chunk_3,買超第14名分點前10天買筆數,0.0044830862121021
chunk_3,主力券商_前18天分點進出,0.0044759004708331
chunk_3,賣超第5名分點前17天賣張,0.0043533756774446
chunk_1,買超第5名分點買筆數,0.0042608473868161
chunk_1,買超第3名分點前6天賣筆數,0.004217905081641
chunk_2,賣超第15名分點前12天賣均價,0.0041624505975453
chunk_1,買超第1名分點前18天券商代號,0.0041585315761371
chunk_2,外資券商_前7天分點吃貨比(%),0.0040789531616293
chunk_2,賣超第4名分點前15天券商代號,0.0039931318689787
chunk_2,賣超第2名分點前17天買筆數,0.0039126245306772
chunk_2,賣超第4名分點前12天金額增減(千),0.0038649319199436
chunk_2,賣超第9名分點前16天張增減,0.003850450420155
chunk_1,買超第4名分點前16天券商代號,0.0038357930257022
chunk_1,買超第6名分點前13天買均值(千),0.0038218005926947
chunk_1,買超第15名分點前17天賣筆數,0.003690635227508
chunk_3,賣超第3名分點前8天買均價,0.003544516960054
chunk_3,買超第8名分點前7天買張,0.0034887957436924
chunk_3,賣超第15名分點前9天賣均張,0.0034305625402645
chunk_2,賣超第3名分點前12天賣張,0.003343634383776
chunk_1,賣超第4名分點前6天券商代號,0.0033102927341383
chunk_2,賣超第5名分點券商代號,0.0032765093330578
chunk_3,賣超第2名分點前15天金額增減(千),0.0030896198645458
chunk_2,買超第15名分點前8天金額增減(千),0.0030507730709591
chunk_3,賣超第13名分點前11天賣筆數,0.0029406689459868
chunk_1,個股券商分點區域分析_近1日成交1公司區域密度,0.0028010287771675
chunk_2,賣超第12名分點前11天賣均值(千),0.0026523051624805
chunk_3,買超第10名分點前8天賣均張,0.0026361788157438
chunk_2,賣超第14名分點前8天張增減,0.0026259565656516
chunk_2,買超第10名分點前9天買金額(千),0.0025946238162685
chunk_3,賣超第4名分點前10天買筆數,0.0025243716714905
chunk_3,賣超第7名分點前6天賣均值(千),0.0025006364378481
chunk_3,買超第6名分點前5天買張,0.0024943558567357
chunk_2,買超第1名分點前2天買張,0.0024428734520925
chunk_1,賣超第6名分點前13天賣均張,0.0024057291468449
chunk_3,賣超第12名分點前8天賣均張,0.0023773707117014
chunk_2,賣超第12名分點前17天券商代號,0.0023294126326285
chunk_3,賣超第14名分點前6天賣筆數,0.0023009369584962
chunk_3,賣超第13名分點前8天賣均值(千),0.0022805940857779
chunk_2,買超第2名分點前17天張增減,0.0022097531725404
chunk_3,買超第10名分點前3天買筆數,0.0020854774912425
chunk_3,買超第9名分點買張,0.0020818428357184
chunk_2,賣超第11名分點前11天賣均值(千),0.0017504211541982
chunk_3,賣超第14名分點前20天賣筆數,0.0017447722567262
chunk_1,買超第7名分點前14天買均價,0.0016520710598828
chunk_1,個股券商分點區域分析_近5日買超3分點區域密度,0.0016252597022784
chunk_2,買超第14名分點賣均價,0.0016013391204386
chunk_3,買超第4名分點前9天買筆數,0.0016003526768828
chunk_2,主力券商_前14天分點進出,0.0015537679038596
chunk_3,賣超第8名分點前20天賣筆數,0.0015462782486261
chunk_2,賣超第9名分點前2天券商代號,0.0015106706617064
chunk_2,賣超第15名分點前17天賣均值(千),0.0014768192628617
chunk_1,賣超第7名分點前16天金額增減(千),0.0014611515643767
chunk_3,買超第3名分點前12天買筆數,0.0014535764327773
chunk_2,賣超第3名分點前18天賣均值(千),0.0014527849688062
chunk_3,買超第6名分點前11天買均張,0.0014494953054569
chunk_3,賣超第3名分點前3天買筆數,0.0014057321892936
chunk_1,賣超第5名分點前12天賣筆數,0.0013829446110672
chunk_2,買超第8名分點前20天買張,0.0012989941105772
chunk_1,買超第2名分點前2天買筆數,0.0012900667589986
chunk_1,賣超第5名分點前1天賣筆數,0.0012838623427849
chunk_2,賣超第1名分點前18天賣筆數,0.0012486794623428
chunk_3,賣超第7名分點前11天賣均張,0.0011401624290535
chunk_3,買超第4名分點前16天買筆數,0.0010704485934153
chunk_3,賣超第12名分點前12天賣筆數,0.0009749355262583
chunk_1,買超第2名分點前1天買筆數,0.0009188824170992
chunk_1,買超第14名分點前18天買均價,0.0008758079074648
chunk_3,買超第4名分點前12天賣筆數,0.0008159453588048
chunk_2,買超第2名分點前5天買筆數,0.0007819399487573
chunk_2,買超第12名分點前12天買均張,0.0005885943104593
chunk_1,買超第7名分點賣均價,0.0005872498866922
chunk_2,賣超第2名分點前7天賣筆數,0.000573112677685
chunk_3,買超第9名分點前2天賣均價,0.0005013109812326
chunk_3,賣超第13名分點前18天賣均值(千),0.0004511402775683
chunk_3,買超第7名分點前15天買筆數,0.000394974018247
chunk_2,買超第13名分點前13天買均價,0.0002261975479926
chunk_2,賣超第8名分點前5天賣筆數,0.00016957397004
chunk_3,賣超第12名分點前1天金額增減(千),0.000129638499732
chunk_2,賣超第7名分點前7天金額增減(千),6.784520542048566e-05
chunk_1,賣超第14名分點前7天張增減,8.126654563572474e-06
chunk_1,賣超第6名分點賣均價,8.729923176143775e-11
chunk_1,個股券商分點籌碼分析_買進分佈係數,0.0
chunk_1,季IFRS財報_稅前資產報酬率累季(%),0.0
chunk_2,買超第3名分點前11天券商代號,0.0
chunk_2,賣超第11名分點前5天賣均張,0.0
chunk_2,賣超第1名分點前5天賣筆數,0.0
